RMSE,MAE,MAPE%
221049.0431477214,210016.4116197938,82.94923521733094
