Model,RMSE,MAE,MAPE%
SARIMA,221049.0431477214,210016.4116197938,82.94923521733094
Poisson State-Space,696690.6827029512,693658.3648465459,276.79158519389335
Negative Binomial State-Space,998234.8034487854,995260.4756925224,395.4357718161945
